REF_DATE,GEO,Statistics,UOM,VALUE
2017-01,Canada,Job vacancies,Number,346495
2017-01,Newfoundland and Labrador,Job vacancies,Number,3120
2017-01,Prince Edward Island,Job vacancies,Number,960
2017-01,Nova Scotia,Job vacancies,Number,6335
2017-01,New Brunswick,Job vacancies,Number,5750
2017-01,Quebec,Job vacancies,Number,57545
2017-01,Ontario,Job vacancies,Number,151645
2017-01,Manitoba,Job vacancies,Number,9720
2017-01,Saskatchewan,Job vacancies,Number,7080
2017-01,Alberta,Job vacancies,Number,39545
2017-01,British Columbia,Job vacancies,Number,63250
2017-01,Yukon,Job vacancies,Number,395
2017-01,Nunavut,Job vacancies,Number,200
2017-02,Canada,Job vacancies,Number,360685
2017-02,Newfoundland and Labrador,Job vacancies,Number,2540
2017-02,Prince Edward Island,Job vacancies,Number,860
2017-02,Nova Scotia,Job vacancies,Number,6085
2017-02,New Brunswick,Job vacancies,Number,4620
2017-02,Quebec,Job vacancies,Number,61830
2017-02,Ontario,Job vacancies,Number,158415
2017-02,Manitoba,Job vacancies,Number,9120
2017-02,Saskatchewan,Job vacancies,Number,7180
2017-02,Alberta,Job vacancies,Number,45760
2017-02,British Columbia,Job vacancies,Number,63260
2017-02,Yukon,Job vacancies,Number,330
2017-02,Northwest Territories,Job vacancies,Number,495
2017-02,Nunavut,Job vacancies,Number,190
2017-03,Canada,Job vacancies,Number,438375
2017-03,Newfoundland and Labrador,Job vacancies,Number,2925
2017-03,Prince Edward Island,Job vacancies,Number,1025
2017-03,Nova Scotia,Job vacancies,Number,8655
2017-03,New Brunswick,Job vacancies,Number,5560
2017-03,Quebec,Job vacancies,Number,75775
2017-03,Ontario,Job vacancies,Number,194155
2017-03,Manitoba,Job vacancies,Number,13570
2017-03,Saskatchewan,Job vacancies,Number,10210
2017-03,Alberta,Job vacancies,Number,45155
2017-03,British Columbia,Job vacancies,Number,80005
2017-03,Yukon,Job vacancies,Number,415
2017-03,Northwest Territories,Job vacancies,Number,465
2017-04,Canada,Job vacancies,Number,466590
2017-04,Newfoundland and Labrador,Job vacancies,Number,4340
2017-04,Prince Edward Island,Job vacancies,Number,2370
2017-04,Nova Scotia,Job vacancies,Number,10150
2017-04,New Brunswick,Job vacancies,Number,9895
2017-04,Quebec,Job vacancies,Number,83400
2017-04,Ontario,Job vacancies,Number,185475
2017-04,Manitoba,Job vacancies,Number,14110
2017-04,Saskatchewan,Job vacancies,Number,12040
2017-04,Alberta,Job vacancies,Number,49360
2017-04,British Columbia,Job vacancies,Number,93515
2017-04,Yukon,Job vacancies,Number,795
2017-04,Northwest Territories,Job vacancies,Number,890
2017-04,Nunavut,Job vacancies,Number,255
2017-05,Canada,Job vacancies,Number,466515
2017-05,Newfoundland and Labrador,Job vacancies,Number,3375
2017-05,Prince Edward Island,Job vacancies,Number,1400
2017-05,Nova Scotia,Job vacancies,Number,10260
2017-05,New Brunswick,Job vacancies,Number,7170
2017-05,Quebec,Job vacancies,Number,82935
2017-05,Ontario,Job vacancies,Number,195680
2017-05,Manitoba,Job vacancies,Number,13375
2017-05,Saskatchewan,Job vacancies,Number,9895
2017-05,Alberta,Job vacancies,Number,56755
2017-05,British Columbia,Job vacancies,Number,83845
2017-05,Yukon,Job vacancies,Number,815
2017-05,Northwest Territories,Job vacancies,Number,620
2017-05,Nunavut,Job vacancies,Number,390
2017-06,Canada,Job vacancies,Number,438060
2017-06,Newfoundland and Labrador,Job vacancies,Number,3805
2017-06,Prince Edward Island,Job vacancies,Number,2500
2017-06,Nova Scotia,Job vacancies,Number,9575
2017-06,New Brunswick,Job vacancies,Number,7685
2017-06,Quebec,Job vacancies,Number,84850
2017-06,Ontario,Job vacancies,Number,171700
2017-06,Manitoba,Job vacancies,Number,15055
2017-06,Saskatchewan,Job vacancies,Number,11450
2017-06,Alberta,Job vacancies,Number,49220
2017-06,British Columbia,Job vacancies,Number,80970
2017-06,Yukon,Job vacancies,Number,540
2017-06,Northwest Territories,Job vacancies,Number,485
2017-06,Nunavut,Job vacancies,Number,225
2017-07,Canada,Job vacancies,Number,434595
2017-07,Newfoundland and Labrador,Job vacancies,Number,3025
2017-07,Prince Edward Island,Job vacancies,Number,1340
2017-07,Nova Scotia,Job vacancies,Number,7500
2017-07,New Brunswick,Job vacancies,Number,6890
2017-07,Quebec,Job vacancies,Number,78735
2017-07,Ontario,Job vacancies,Number,174870
2017-07,Manitoba,Job vacancies,Number,12325
2017-07,Saskatchewan,Job vacancies,Number,9165
2017-07,Alberta,Job vacancies,Number,47530
2017-07,British Columbia,Job vacancies,Number,91495
2017-07,Yukon,Job vacancies,Number,610
2017-07,Northwest Territories,Job vacancies,Number,880
2017-07,Nunavut,Job vacancies,Number,235
2017-08,Canada,Job vacancies,Number,447225
2017-08,Newfoundland and Labrador,Job vacancies,Number,3450
2017-08,Prince Edward Island,Job vacancies,Number,1850
2017-08,Nova Scotia,Job vacancies,Number,13880
2017-08,New Brunswick,Job vacancies,Number,7250
2017-08,Quebec,Job vacancies,Number,86595
2017-08,Ontario,Job vacancies,Number,172745
2017-08,Manitoba,Job vacancies,Number,11205
2017-08,Saskatchewan,Job vacancies,Number,9345
2017-08,Alberta,Job vacancies,Number,56570
2017-08,British Columbia,Job vacancies,Number,82615
2017-08,Yukon,Job vacancies,Number,725
2017-08,Northwest Territories,Job vacancies,Number,455
2017-08,Nunavut,Job vacancies,Number,550
2017-09,Canada,Job vacancies,Number,518780
2017-09,Newfoundland and Labrador,Job vacancies,Number,3545
2017-09,Prince Edward Island,Job vacancies,Number,2415
2017-09,Nova Scotia,Job vacancies,Number,9210
2017-09,New Brunswick,Job vacancies,Number,8295
2017-09,Quebec,Job vacancies,Number,96525
2017-09,Ontario,Job vacancies,Number,208695
2017-09,Manitoba,Job vacancies,Number,16935
2017-09,Saskatchewan,Job vacancies,Number,10800
2017-09,Alberta,Job vacancies,Number,57130
2017-09,British Columbia,Job vacancies,Number,103510
2017-09,Yukon,Job vacancies,Number,810
2017-09,Northwest Territories,Job vacancies,Number,550
2017-10,Canada,Job vacancies,Number,484955
2017-10,Newfoundland and Labrador,Job vacancies,Number,3005
2017-10,Prince Edward Island,Job vacancies,Number,1585
2017-10,Nova Scotia,Job vacancies,Number,9495
2017-10,New Brunswick,Job vacancies,Number,7010
2017-10,Quebec,Job vacancies,Number,93380
2017-10,Ontario,Job vacancies,Number,202400
2017-10,Manitoba,Job vacancies,Number,12150
2017-10,Saskatchewan,Job vacancies,Number,9735
2017-10,Alberta,Job vacancies,Number,51135
2017-10,British Columbia,Job vacancies,Number,93480
2017-10,Yukon,Job vacancies,Number,645
2017-10,Northwest Territories,Job vacancies,Number,680
2017-10,Nunavut,Job vacancies,Number,250
2017-11,Canada,Job vacancies,Number,493215
2017-11,Newfoundland and Labrador,Job vacancies,Number,4205
2017-11,Prince Edward Island,Job vacancies,Number,910
2017-11,Nova Scotia,Job vacancies,Number,9880
2017-11,New Brunswick,Job vacancies,Number,6360
2017-11,Quebec,Job vacancies,Number,104575
2017-11,Ontario,Job vacancies,Number,199765
2017-11,Manitoba,Job vacancies,Number,11800
2017-11,Saskatchewan,Job vacancies,Number,8755
2017-11,Alberta,Job vacancies,Number,61450
2017-11,British Columbia,Job vacancies,Number,84775
2017-11,Yukon,Job vacancies,Number,210
2017-11,Northwest Territories,Job vacancies,Number,335
2017-11,Nunavut,Job vacancies,Number,195
2017-12,Canada,Job vacancies,Number,417505
2017-12,Newfoundland and Labrador,Job vacancies,Number,2385
2017-12,Prince Edward Island,Job vacancies,Number,1160
2017-12,Nova Scotia,Job vacancies,Number,8425
2017-12,New Brunswick,Job vacancies,Number,5815
2017-12,Quebec,Job vacancies,Number,81845
2017-12,Ontario,Job vacancies,Number,165200
2017-12,Manitoba,Job vacancies,Number,14250
2017-12,Saskatchewan,Job vacancies,Number,8570
2017-12,Alberta,Job vacancies,Number,43675
2017-12,British Columbia,Job vacancies,Number,84655
2017-12,Yukon,Job vacancies,Number,570
2017-12,Northwest Territories,Job vacancies,Number,585
2017-12,Nunavut,Job vacancies,Number,370
2021-01,Canada,Job vacancies,Number,495540
2021-01,Newfoundland and Labrador,Job vacancies,Number,3220
2021-01,Prince Edward Island,Job vacancies,Number,1605
2021-01,Nova Scotia,Job vacancies,Number,12070
2021-01,New Brunswick,Job vacancies,Number,9610
2021-01,Quebec,Job vacancies,Number,136900
2021-01,Ontario,Job vacancies,Number,182775
2021-01,Manitoba,Job vacancies,Number,14715
2021-01,Saskatchewan,Job vacancies,Number,10550
2021-01,Alberta,Job vacancies,Number,39425
2021-01,British Columbia,Job vacancies,Number,82610
2021-01,Yukon,Job vacancies,Number,855
2021-01,Northwest Territories,Job vacancies,Number,915
2021-01,Nunavut,Job vacancies,Number,300
2021-02,Canada,Job vacancies,Number,537390
2021-02,Newfoundland and Labrador,Job vacancies,Number,4050
2021-02,Prince Edward Island,Job vacancies,Number,1140
2021-02,Nova Scotia,Job vacancies,Number,11470
2021-02,New Brunswick,Job vacancies,Number,8785
2021-02,Quebec,Job vacancies,Number,133125
2021-02,Ontario,Job vacancies,Number,183670
2021-02,Manitoba,Job vacancies,Number,16915
2021-02,Saskatchewan,Job vacancies,Number,12390
2021-02,Alberta,Job vacancies,Number,56400
2021-02,British Columbia,Job vacancies,Number,107720
2021-02,Yukon,Job vacancies,Number,505
2021-02,Northwest Territories,Job vacancies,Number,620
2021-03,Canada,Job vacancies,Number,632075
2021-03,Newfoundland and Labrador,Job vacancies,Number,4170
2021-03,Prince Edward Island,Job vacancies,Number,1605
2021-03,Nova Scotia,Job vacancies,Number,14255
2021-03,New Brunswick,Job vacancies,Number,9790
2021-03,Quebec,Job vacancies,Number,172795
2021-03,Ontario,Job vacancies,Number,225100
2021-03,Manitoba,Job vacancies,Number,20250
2021-03,Saskatchewan,Job vacancies,Number,13915
2021-03,Alberta,Job vacancies,Number,57555
2021-03,British Columbia,Job vacancies,Number,110250
2021-03,Yukon,Job vacancies,Number,1120
2021-03,Nunavut,Job vacancies,Number,675
2021-04,Canada,Job vacancies,Number,693955
2021-04,Newfoundland and Labrador,Job vacancies,Number,6400
2021-04,Prince Edward Island,Job vacancies,Number,3075
2021-04,Nova Scotia,Job vacancies,Number,13720
2021-04,New Brunswick,Job vacancies,Number,12360
2021-04,Quebec,Job vacancies,Number,194700
2021-04,Ontario,Job vacancies,Number,253905
2021-04,Manitoba,Job vacancies,Number,19915
2021-04,Saskatchewan,Job vacancies,Number,17055
2021-04,Alberta,Job vacancies,Number,61340
2021-04,British Columbia,Job vacancies,Number,108680
2021-04,Yukon,Job vacancies,Number,1185
2021-04,Northwest Territories,Job vacancies,Number,1125
2021-04,Nunavut,Job vacancies,Number,505
2021-05,Canada,Job vacancies,Number,706345
2021-05,Newfoundland and Labrador,Job vacancies,Number,5750
2021-05,Prince Edward Island,Job vacancies,Number,3220
2021-05,Nova Scotia,Job vacancies,Number,14650
2021-05,New Brunswick,Job vacancies,Number,14515
2021-05,Quebec,Job vacancies,Number,188780
2021-05,Ontario,Job vacancies,Number,245850
2021-05,Manitoba,Job vacancies,Number,22985
2021-05,Saskatchewan,Job vacancies,Number,15030
2021-05,Alberta,Job vacancies,Number,67300
2021-05,British Columbia,Job vacancies,Number,125735
2021-05,Yukon,Job vacancies,Number,915
2021-05,Northwest Territories,Job vacancies,Number,885
2021-05,Nunavut,Job vacancies,Number,725
2021-06,Canada,Job vacancies,Number,797800
2021-06,Newfoundland and Labrador,Job vacancies,Number,8535
2021-06,Prince Edward Island,Job vacancies,Number,3545
2021-06,Nova Scotia,Job vacancies,Number,15970
2021-06,New Brunswick,Job vacancies,Number,14780
2021-06,Quebec,Job vacancies,Number,207880
2021-06,Ontario,Job vacancies,Number,288310
2021-06,Manitoba,Job vacancies,Number,20625
2021-06,Saskatchewan,Job vacancies,Number,19460
2021-06,Alberta,Job vacancies,Number,78435
2021-06,British Columbia,Job vacancies,Number,136145
2021-06,Yukon,Job vacancies,Number,1970
2021-06,Northwest Territories,Job vacancies,Number,1055
2021-07,Canada,Job vacancies,Number,830450
2021-07,Newfoundland and Labrador,Job vacancies,Number,6140
2021-07,Prince Edward Island,Job vacancies,Number,2315
2021-07,Nova Scotia,Job vacancies,Number,14660
2021-07,New Brunswick,Job vacancies,Number,12015
2021-07,Quebec,Job vacancies,Number,226635
2021-07,Ontario,Job vacancies,Number,315020
2021-07,Manitoba,Job vacancies,Number,19590
2021-07,Saskatchewan,Job vacancies,Number,20270
2021-07,Alberta,Job vacancies,Number,71775
2021-07,British Columbia,Job vacancies,Number,138840
2021-07,Yukon,Job vacancies,Number,1410
2021-07,Northwest Territories,Job vacancies,Number,1385
2021-08,Canada,Job vacancies,Number,919835
2021-08,Newfoundland and Labrador,Job vacancies,Number,7105
2021-08,Prince Edward Island,Job vacancies,Number,3060
2021-08,Nova Scotia,Job vacancies,Number,18810
2021-08,New Brunswick,Job vacancies,Number,15480
2021-08,Quebec,Job vacancies,Number,229625
2021-08,Ontario,Job vacancies,Number,337420
2021-08,Manitoba,Job vacancies,Number,23890
2021-08,Saskatchewan,Job vacancies,Number,20910
2021-08,Alberta,Job vacancies,Number,99445
2021-08,British Columbia,Job vacancies,Number,160925
2021-08,Yukon,Job vacancies,Number,1145
2021-08,Northwest Territories,Job vacancies,Number,1335
2021-08,Nunavut,Job vacancies,Number,680
2021-09,Canada,Job vacancies,Number,988655
2021-09,Newfoundland and Labrador,Job vacancies,Number,7805
2021-09,Prince Edward Island,Job vacancies,Number,3295
2021-09,Nova Scotia,Job vacancies,Number,20490
2021-09,New Brunswick,Job vacancies,Number,19225
2021-09,Quebec,Job vacancies,Number,266290
2021-09,Ontario,Job vacancies,Number,356915
2021-09,Manitoba,Job vacancies,Number,26115
2021-09,Saskatchewan,Job vacancies,Number,21900
2021-09,Alberta,Job vacancies,Number,92700
2021-09,British Columbia,Job vacancies,Number,170485
2021-09,Yukon,Job vacancies,Number,1400
2021-09,Northwest Territories,Job vacancies,Number,1380
2021-10,Canada,Job vacancies,Number,964130
2021-10,Newfoundland and Labrador,Job vacancies,Number,8995
2021-10,Prince Edward Island,Job vacancies,Number,3915
2021-10,Nova Scotia,Job vacancies,Number,21060
2021-10,New Brunswick,Job vacancies,Number,13930
2021-10,Quebec,Job vacancies,Number,242985
2021-10,Ontario,Job vacancies,Number,375960
2021-10,Manitoba,Job vacancies,Number,25790
2021-10,Saskatchewan,Job vacancies,Number,20435
2021-10,Alberta,Job vacancies,Number,94300
2021-10,British Columbia,Job vacancies,Number,152640
2021-10,Yukon,Job vacancies,Number,1475
2021-10,Nunavut,Job vacancies,Number,535
2021-11,Canada,Job vacancies,Number,894550
2021-11,Newfoundland and Labrador,Job vacancies,Number,5225
2021-11,Prince Edward Island,Job vacancies,Number,3720
2021-11,Nova Scotia,Job vacancies,Number,21440
2021-11,New Brunswick,Job vacancies,Number,13130
2021-11,Quebec,Job vacancies,Number,241665
2021-11,Ontario,Job vacancies,Number,331500
2021-11,Manitoba,Job vacancies,Number,26810
2021-11,Saskatchewan,Job vacancies,Number,18370
2021-11,Alberta,Job vacancies,Number,89525
2021-11,British Columbia,Job vacancies,Number,139970
2021-11,Yukon,Job vacancies,Number,1300
2021-11,Northwest Territories,Job vacancies,Number,1375
2021-11,Nunavut,Job vacancies,Number,520
2021-12,Canada,Job vacancies,Number,878040
2021-12,Newfoundland and Labrador,Job vacancies,Number,6370
2021-12,Prince Edward Island,Job vacancies,Number,2665
2021-12,Nova Scotia,Job vacancies,Number,17320
2021-12,New Brunswick,Job vacancies,Number,14285
2021-12,Quebec,Job vacancies,Number,233280
2021-12,Ontario,Job vacancies,Number,335800
2021-12,Manitoba,Job vacancies,Number,21225
2021-12,Saskatchewan,Job vacancies,Number,20850
2021-12,Alberta,Job vacancies,Number,72265
2021-12,British Columbia,Job vacancies,Number,151730
2021-12,Yukon,Job vacancies,Number,930
2021-12,Northwest Territories,Job vacancies,Number,950
2021-12,Nunavut,Job vacancies,Number,380
2022-01,Canada,Job vacancies,Number,853450
2022-01,Newfoundland and Labrador,Job vacancies,Number,4590
2022-01,Prince Edward Island,Job vacancies,Number,2300
2022-01,Nova Scotia,Job vacancies,Number,16590
2022-01,New Brunswick,Job vacancies,Number,12205
2022-01,Quebec,Job vacancies,Number,217760
2022-01,Ontario,Job vacancies,Number,320875
2022-01,Manitoba,Job vacancies,Number,25635
2022-01,Saskatchewan,Job vacancies,Number,20155
2022-01,Alberta,Job vacancies,Number,84545
2022-01,British Columbia,Job vacancies,Number,145275
2022-01,Yukon,Job vacancies,Number,1310
2022-01,Northwest Territories,Job vacancies,Number,1590
2022-01,Nunavut,Job vacancies,Number,625
2022-02,Canada,Job vacancies,Number,833725
2022-02,Newfoundland and Labrador,Job vacancies,Number,5625
2022-02,Prince Edward Island,Job vacancies,Number,2850
2022-02,Nova Scotia,Job vacancies,Number,16545
2022-02,New Brunswick,Job vacancies,Number,13205
2022-02,Quebec,Job vacancies,Number,214130
2022-02,Ontario,Job vacancies,Number,314640
2022-02,Manitoba,Job vacancies,Number,25125
2022-02,Saskatchewan,Job vacancies,Number,18780
2022-02,Alberta,Job vacancies,Number,89715
2022-02,British Columbia,Job vacancies,Number,130830
2022-02,Yukon,Job vacancies,Number,1135
2022-02,Northwest Territories,Job vacancies,Number,710
2022-02,Nunavut,Job vacancies,Number,435
2022-03,Canada,Job vacancies,Number,977565
2022-03,Newfoundland and Labrador,Job vacancies,Number,7790
2022-03,Prince Edward Island,Job vacancies,Number,3190
2022-03,Nova Scotia,Job vacancies,Number,22550
2022-03,New Brunswick,Job vacancies,Number,14915
2022-03,Quebec,Job vacancies,Number,241420
2022-03,Ontario,Job vacancies,Number,362665
2022-03,Manitoba,Job vacancies,Number,29195
2022-03,Saskatchewan,Job vacancies,Number,25830
2022-03,Alberta,Job vacancies,Number,93630
2022-03,British Columbia,Job vacancies,Number,173835
2022-03,Yukon,Job vacancies,Number,895
2022-03,Northwest Territories,Job vacancies,Number,1260
2022-04,Canada,Job vacancies,Number,1034280
2022-04,Newfoundland and Labrador,Job vacancies,Number,9065
2022-04,Prince Edward Island,Job vacancies,Number,4195
2022-04,Nova Scotia,Job vacancies,Number,21155
2022-04,New Brunswick,Job vacancies,Number,16080
2022-04,Quebec,Job vacancies,Number,244930
2022-04,Ontario,Job vacancies,Number,399575
2022-04,Manitoba,Job vacancies,Number,27705
2022-04,Saskatchewan,Job vacancies,Number,24110
2022-04,Alberta,Job vacancies,Number,115630
2022-04,British Columbia,Job vacancies,Number,168050
2022-04,Yukon,Job vacancies,Number,1895
2022-04,Northwest Territories,Job vacancies,Number,1530
2022-04,Nunavut,Job vacancies,Number,355
2022-05,Canada,Job vacancies,Number,1037195
2022-05,Newfoundland and Labrador,Job vacancies,Number,9705
2022-05,Prince Edward Island,Job vacancies,Number,5570
2022-05,Nova Scotia,Job vacancies,Number,23905
2022-05,New Brunswick,Job vacancies,Number,18180
2022-05,Quebec,Job vacancies,Number,258655
2022-05,Ontario,Job vacancies,Number,383315
2022-05,Manitoba,Job vacancies,Number,32110
2022-05,Saskatchewan,Job vacancies,Number,26650
2022-05,Alberta,Job vacancies,Number,108930
2022-05,British Columbia,Job vacancies,Number,166085
2022-05,Yukon,Job vacancies,Number,1745
2022-05,Northwest Territories,Job vacancies,Number,1605
2022-05,Nunavut,Job vacancies,Number,735
2022-06,Canada,Job vacancies,Number,1020615
2022-06,Newfoundland and Labrador,Job vacancies,Number,8615
2022-06,Prince Edward Island,Job vacancies,Number,3510
2022-06,Nova Scotia,Job vacancies,Number,23410
2022-06,New Brunswick,Job vacancies,Number,15595
2022-06,Quebec,Job vacancies,Number,260615
2022-06,Ontario,Job vacancies,Number,370740
2022-06,Manitoba,Job vacancies,Number,28230
2022-06,Saskatchewan,Job vacancies,Number,26800
2022-06,Alberta,Job vacancies,Number,102420
2022-06,British Columbia,Job vacancies,Number,177525
2022-06,Yukon,Job vacancies,Number,1520
2022-07,Canada,Job vacancies,Number,999995
2022-07,Newfoundland and Labrador,Job vacancies,Number,9675
2022-07,Prince Edward Island,Job vacancies,Number,3495
2022-07,Nova Scotia,Job vacancies,Number,21920
2022-07,New Brunswick,Job vacancies,Number,15365
2022-07,Quebec,Job vacancies,Number,255510
2022-07,Ontario,Job vacancies,Number,369635
2022-07,Manitoba,Job vacancies,Number,31710
2022-07,Saskatchewan,Job vacancies,Number,24740
2022-07,Alberta,Job vacancies,Number,104955
2022-07,British Columbia,Job vacancies,Number,159015
2022-07,Yukon,Job vacancies,Number,1440
2022-07,Northwest Territories,Job vacancies,Number,2155
2022-08,Canada,Job vacancies,Number,974450
2022-08,Newfoundland and Labrador,Job vacancies,Number,7895
2022-08,Prince Edward Island,Job vacancies,Number,5340
2022-08,Nova Scotia,Job vacancies,Number,22710
2022-08,New Brunswick,Job vacancies,Number,17120
2022-08,Quebec,Job vacancies,Number,237950
2022-08,Ontario,Job vacancies,Number,364995
2022-08,Manitoba,Job vacancies,Number,30665
2022-08,Saskatchewan,Job vacancies,Number,24620
2022-08,Alberta,Job vacancies,Number,108385
2022-08,British Columbia,Job vacancies,Number,151600
2022-08,Yukon,Job vacancies,Number,1855
2022-08,Northwest Territories,Job vacancies,Number,925
2022-09,Canada,Job vacancies,Number,987760
2022-09,Newfoundland and Labrador,Job vacancies,Number,6570
2022-09,Prince Edward Island,Job vacancies,Number,3030
2022-09,Nova Scotia,Job vacancies,Number,23075
2022-09,New Brunswick,Job vacancies,Number,15100
2022-09,Quebec,Job vacancies,Number,243680
2022-09,Ontario,Job vacancies,Number,373005
2022-09,Manitoba,Job vacancies,Number,29590
2022-09,Saskatchewan,Job vacancies,Number,26735
2022-09,Alberta,Job vacancies,Number,103715
2022-09,British Columbia,Job vacancies,Number,158925
2022-09,Yukon,Job vacancies,Number,1815
2022-09,Northwest Territories,Job vacancies,Number,2095
2022-09,Nunavut,Job vacancies,Number,425
2022-10,Canada,Job vacancies,Number,933845
2022-10,Newfoundland and Labrador,Job vacancies,Number,8240
2022-10,Prince Edward Island,Job vacancies,Number,3075
2022-10,Nova Scotia,Job vacancies,Number,22250
2022-10,New Brunswick,Job vacancies,Number,15275
2022-10,Quebec,Job vacancies,Number,226220
2022-10,Ontario,Job vacancies,Number,354490
2022-10,Manitoba,Job vacancies,Number,26635
2022-10,Saskatchewan,Job vacancies,Number,24860
2022-10,Alberta,Job vacancies,Number,106445
2022-10,British Columbia,Job vacancies,Number,141640
2022-10,Yukon,Job vacancies,Number,1475
2022-10,Northwest Territories,Job vacancies,Number,2570
2022-10,Nunavut,Job vacancies,Number,665
2022-11,Canada,Job vacancies,Number,854165
2022-11,Newfoundland and Labrador,Job vacancies,Number,5540
2022-11,Prince Edward Island,Job vacancies,Number,3740
2022-11,Nova Scotia,Job vacancies,Number,23115
2022-11,New Brunswick,Job vacancies,Number,12530
2022-11,Quebec,Job vacancies,Number,202730
2022-11,Ontario,Job vacancies,Number,322735
2022-11,Manitoba,Job vacancies,Number,23050
2022-11,Saskatchewan,Job vacancies,Number,24280
2022-11,Alberta,Job vacancies,Number,98230
2022-11,British Columbia,Job vacancies,Number,135580
2022-11,Yukon,Job vacancies,Number,1105
2022-11,Northwest Territories,Job vacancies,Number,975
2022-11,Nunavut,Job vacancies,Number,565
2022-12,Canada,Job vacancies,Number,752325
2022-12,Newfoundland and Labrador,Job vacancies,Number,5135
2022-12,Prince Edward Island,Job vacancies,Number,2820
2022-12,Nova Scotia,Job vacancies,Number,16760
2022-12,New Brunswick,Job vacancies,Number,11940
2022-12,Quebec,Job vacancies,Number,194865
2022-12,Ontario,Job vacancies,Number,283390
2022-12,Manitoba,Job vacancies,Number,25480
2022-12,Saskatchewan,Job vacancies,Number,22600
2022-12,Alberta,Job vacancies,Number,73920
2022-12,British Columbia,Job vacancies,Number,112255
2022-12,Yukon,Job vacancies,Number,1315
2022-12,Nunavut,Job vacancies,Number,550
2023-01,Canada,Job vacancies,Number,788280
2023-01,Newfoundland and Labrador,Job vacancies,Number,6690
2023-01,Prince Edward Island,Job vacancies,Number,2755
2023-01,Nova Scotia,Job vacancies,Number,17170
2023-01,New Brunswick,Job vacancies,Number,12720
2023-01,Quebec,Job vacancies,Number,200500
2023-01,Ontario,Job vacancies,Number,279740
2023-01,Manitoba,Job vacancies,Number,28225
2023-01,Saskatchewan,Job vacancies,Number,20820
2023-01,Alberta,Job vacancies,Number,88405
2023-01,British Columbia,Job vacancies,Number,127335
2023-01,Yukon,Job vacancies,Number,1300
2023-01,Northwest Territories,Job vacancies,Number,2245
2023-01,Nunavut,Job vacancies,Number,375
2023-02,Canada,Job vacancies,Number,747720
2023-02,Newfoundland and Labrador,Job vacancies,Number,5120
2023-02,Prince Edward Island,Job vacancies,Number,2545
2023-02,Nova Scotia,Job vacancies,Number,18020
2023-02,New Brunswick,Job vacancies,Number,11275
2023-02,Quebec,Job vacancies,Number,186960
2023-02,Ontario,Job vacancies,Number,271155
2023-02,Manitoba,Job vacancies,Number,23175
2023-02,Saskatchewan,Job vacancies,Number,24485
2023-02,Alberta,Job vacancies,Number,90425
2023-02,British Columbia,Job vacancies,Number,111955
2023-02,Yukon,Job vacancies,Number,1205
2023-02,Northwest Territories,Job vacancies,Number,640
2023-02,Nunavut,Job vacancies,Number,765
2023-03,Canada,Job vacancies,Number,790370
2023-03,Newfoundland and Labrador,Job vacancies,Number,5465
2023-03,Prince Edward Island,Job vacancies,Number,3565
2023-03,Nova Scotia,Job vacancies,Number,18825
2023-03,New Brunswick,Job vacancies,Number,12470
2023-03,Quebec,Job vacancies,Number,195875
2023-03,Ontario,Job vacancies,Number,281015
2023-03,Manitoba,Job vacancies,Number,28960
2023-03,Saskatchewan,Job vacancies,Number,24225
2023-03,Alberta,Job vacancies,Number,87640
2023-03,British Columbia,Job vacancies,Number,129020
2023-03,Yukon,Job vacancies,Number,1250
2023-04,Canada,Job vacancies,Number,839950
2023-04,Newfoundland and Labrador,Job vacancies,Number,8600
2023-04,Prince Edward Island,Job vacancies,Number,4165
2023-04,Nova Scotia,Job vacancies,Number,20245
2023-04,New Brunswick,Job vacancies,Number,14905
2023-04,Quebec,Job vacancies,Number,207980
2023-04,Ontario,Job vacancies,Number,291675
2023-04,Manitoba,Job vacancies,Number,26085
2023-04,Saskatchewan,Job vacancies,Number,26020
2023-04,Alberta,Job vacancies,Number,104625
2023-04,British Columbia,Job vacancies,Number,132245
2023-04,Yukon,Job vacancies,Number,985
2023-04,Northwest Territories,Job vacancies,Number,1560
2023-04,Nunavut,Job vacancies,Number,855
2023-05,Canada,Job vacancies,Number,812510
2023-05,Newfoundland and Labrador,Job vacancies,Number,8580
2023-05,Prince Edward Island,Job vacancies,Number,4195
2023-05,Nova Scotia,Job vacancies,Number,22275
2023-05,New Brunswick,Job vacancies,Number,14650
2023-05,Quebec,Job vacancies,Number,201425
2023-05,Ontario,Job vacancies,Number,283175
2023-05,Manitoba,Job vacancies,Number,27050
2023-05,Saskatchewan,Job vacancies,Number,24400
2023-05,Alberta,Job vacancies,Number,97410
2023-05,British Columbia,Job vacancies,Number,125895
2023-05,Yukon,Job vacancies,Number,1365
2023-05,Northwest Territories,Job vacancies,Number,1370
2023-05,Nunavut,Job vacancies,Number,725
2023-06,Canada,Job vacancies,Number,779410
2023-06,Newfoundland and Labrador,Job vacancies,Number,7705
2023-06,Prince Edward Island,Job vacancies,Number,4300
2023-06,Nova Scotia,Job vacancies,Number,17925
2023-06,New Brunswick,Job vacancies,Number,15135
2023-06,Quebec,Job vacancies,Number,188635
2023-06,Ontario,Job vacancies,Number,268810
2023-06,Manitoba,Job vacancies,Number,26395
2023-06,Saskatchewan,Job vacancies,Number,28295
2023-06,Alberta,Job vacancies,Number,87490
2023-06,British Columbia,Job vacancies,Number,131290
2023-06,Yukon,Job vacancies,Number,1450
2023-06,Northwest Territories,Job vacancies,Number,1085
2023-06,Nunavut,Job vacancies,Number,905
2023-07,Canada,Job vacancies,Number,742230
2023-07,Newfoundland and Labrador,Job vacancies,Number,8575
2023-07,Prince Edward Island,Job vacancies,Number,2060
2023-07,Nova Scotia,Job vacancies,Number,17085
2023-07,New Brunswick,Job vacancies,Number,12145
2023-07,Quebec,Job vacancies,Number,193390
2023-07,Ontario,Job vacancies,Number,247430
2023-07,Manitoba,Job vacancies,Number,22765
2023-07,Saskatchewan,Job vacancies,Number,23640
2023-07,Alberta,Job vacancies,Number,83730
2023-07,British Columbia,Job vacancies,Number,128130
2023-07,Yukon,Job vacancies,Number,1235
2023-07,Northwest Territories,Job vacancies,Number,1535
2023-08,Canada,Job vacancies,Number,741875
2023-08,Newfoundland and Labrador,Job vacancies,Number,6255
2023-08,Prince Edward Island,Job vacancies,Number,2390
2023-08,Nova Scotia,Job vacancies,Number,20280
2023-08,New Brunswick,Job vacancies,Number,12040
2023-08,Quebec,Job vacancies,Number,171365
2023-08,Ontario,Job vacancies,Number,266675
2023-08,Manitoba,Job vacancies,Number,22590
2023-08,Saskatchewan,Job vacancies,Number,24935
2023-08,Alberta,Job vacancies,Number,101235
2023-08,British Columbia,Job vacancies,Number,111585
2023-08,Yukon,Job vacancies,Number,1080
2023-08,Northwest Territories,Job vacancies,Number,920
2023-09,Canada,Job vacancies,Number,693950
2023-09,Newfoundland and Labrador,Job vacancies,Number,6275
2023-09,Prince Edward Island,Job vacancies,Number,3435
2023-09,Nova Scotia,Job vacancies,Number,16210
2023-09,New Brunswick,Job vacancies,Number,13010
2023-09,Quebec,Job vacancies,Number,151945
2023-09,Ontario,Job vacancies,Number,250645
2023-09,Manitoba,Job vacancies,Number,26465
2023-09,Saskatchewan,Job vacancies,Number,25865
2023-09,Alberta,Job vacancies,Number,85885
2023-09,British Columbia,Job vacancies,Number,111230
2023-09,Yukon,Job vacancies,Number,1195
2023-09,Northwest Territories,Job vacancies,Number,1045
2023-09,Nunavut,Job vacancies,Number,745
2023-10,Canada,Job vacancies,Number,711930
2023-10,Newfoundland and Labrador,Job vacancies,Number,8295
2023-10,Prince Edward Island,Job vacancies,Number,2545
2023-10,Nova Scotia,Job vacancies,Number,15520
2023-10,New Brunswick,Job vacancies,Number,13770
2023-10,Quebec,Job vacancies,Number,177900
2023-10,Ontario,Job vacancies,Number,240230
2023-10,Manitoba,Job vacancies,Number,24985
2023-10,Saskatchewan,Job vacancies,Number,20660
2023-10,Alberta,Job vacancies,Number,84720
2023-10,British Columbia,Job vacancies,Number,120145
2023-10,Yukon,Job vacancies,Number,1130
2023-10,Northwest Territories,Job vacancies,Number,1575
2023-10,Nunavut,Job vacancies,Number,460
2023-11,Canada,Job vacancies,Number,656565
2023-11,Newfoundland and Labrador,Job vacancies,Number,5070
2023-11,Prince Edward Island,Job vacancies,Number,1680
2023-11,Nova Scotia,Job vacancies,Number,15495
2023-11,New Brunswick,Job vacancies,Number,10310
2023-11,Quebec,Job vacancies,Number,146865
2023-11,Ontario,Job vacancies,Number,237150
2023-11,Manitoba,Job vacancies,Number,23470
2023-11,Saskatchewan,Job vacancies,Number,23325
2023-11,Alberta,Job vacancies,Number,86520
2023-11,British Columbia,Job vacancies,Number,103990
2023-11,Yukon,Job vacancies,Number,915
2023-11,Northwest Territories,Job vacancies,Number,1065
2023-11,Nunavut,Job vacancies,Number,710
2023-12,Canada,Job vacancies,Number,534525
2023-12,Newfoundland and Labrador,Job vacancies,Number,4655
2023-12,Prince Edward Island,Job vacancies,Number,1880
2023-12,Nova Scotia,Job vacancies,Number,13600
2023-12,New Brunswick,Job vacancies,Number,9140
2023-12,Quebec,Job vacancies,Number,119260
2023-12,Ontario,Job vacancies,Number,193100
2023-12,Manitoba,Job vacancies,Number,21295
2023-12,Saskatchewan,Job vacancies,Number,19495
2023-12,Alberta,Job vacancies,Number,63705
2023-12,British Columbia,Job vacancies,Number,86765
2023-12,Yukon,Job vacancies,Number,570
2023-12,Northwest Territories,Job vacancies,Number,565
2023-12,Nunavut,Job vacancies,Number,510
2024-01,Canada,Job vacancies,Number,600555
2024-01,Newfoundland and Labrador,Job vacancies,Number,8095
2024-01,Prince Edward Island,Job vacancies,Number,2265
2024-01,Nova Scotia,Job vacancies,Number,11565
2024-01,New Brunswick,Job vacancies,Number,9565
2024-01,Quebec,Job vacancies,Number,156665
2024-01,Ontario,Job vacancies,Number,197185
2024-01,Manitoba,Job vacancies,Number,22445
2024-01,Saskatchewan,Job vacancies,Number,16415
2024-01,Alberta,Job vacancies,Number,62290
2024-01,British Columbia,Job vacancies,Number,109650
2024-01,Yukon,Job vacancies,Number,795
2024-01,Northwest Territories,Job vacancies,Number,2675
2024-01,Nunavut,Job vacancies,Number,940
2024-02,Canada,Job vacancies,Number,588470
2024-02,Newfoundland and Labrador,Job vacancies,Number,4420
2024-02,Prince Edward Island,Job vacancies,Number,1270
2024-02,Nova Scotia,Job vacancies,Number,14745
2024-02,New Brunswick,Job vacancies,Number,8605
2024-02,Quebec,Job vacancies,Number,131095
2024-02,Ontario,Job vacancies,Number,211705
2024-02,Manitoba,Job vacancies,Number,17590
2024-02,Saskatchewan,Job vacancies,Number,22255
2024-02,Alberta,Job vacancies,Number,81320
2024-02,British Columbia,Job vacancies,Number,93415
2024-02,Yukon,Job vacancies,Number,825
2024-02,Northwest Territories,Job vacancies,Number,650
2024-02,Nunavut,Job vacancies,Number,570
2024-03,Canada,Job vacancies,Number,595090
2024-03,Newfoundland and Labrador,Job vacancies,Number,3520
2024-03,Prince Edward Island,Job vacancies,Number,2875
2024-03,Nova Scotia,Job vacancies,Number,15340
2024-03,New Brunswick,Job vacancies,Number,10035
2024-03,Quebec,Job vacancies,Number,132910
2024-03,Ontario,Job vacancies,Number,212545
2024-03,Manitoba,Job vacancies,Number,24995
2024-03,Saskatchewan,Job vacancies,Number,19655
2024-03,Alberta,Job vacancies,Number,76285
2024-03,British Columbia,Job vacancies,Number,94525
2024-03,Yukon,Job vacancies,Number,1215
2024-03,Northwest Territories,Job vacancies,Number,715
2024-04,Canada,Job vacancies,Number,642810
2024-04,Newfoundland and Labrador,Job vacancies,Number,6940
2024-04,Prince Edward Island,Job vacancies,Number,2300
2024-04,Nova Scotia,Job vacancies,Number,14625
2024-04,New Brunswick,Job vacancies,Number,11975
2024-04,Quebec,Job vacancies,Number,150765
2024-04,Ontario,Job vacancies,Number,221885
2024-04,Manitoba,Job vacancies,Number,20970
2024-04,Saskatchewan,Job vacancies,Number,19785
2024-04,Alberta,Job vacancies,Number,78375
2024-04,British Columbia,Job vacancies,Number,111505
2024-04,Yukon,Job vacancies,Number,1190
2024-04,Northwest Territories,Job vacancies,Number,2135
2024-04,Nunavut,Job vacancies,Number,365
2024-05,Canada,Job vacancies,Number,616605
2024-05,Newfoundland and Labrador,Job vacancies,Number,6115
2024-05,Prince Edward Island,Job vacancies,Number,2630
2024-05,Nova Scotia,Job vacancies,Number,18885
2024-05,New Brunswick,Job vacancies,Number,9995
2024-05,Quebec,Job vacancies,Number,135735
2024-05,Ontario,Job vacancies,Number,207410
2024-05,Manitoba,Job vacancies,Number,22920
2024-05,Saskatchewan,Job vacancies,Number,24015
2024-05,Alberta,Job vacancies,Number,82560
2024-05,British Columbia,Job vacancies,Number,103140
2024-05,Yukon,Job vacancies,Number,905
2024-05,Northwest Territories,Job vacancies,Number,1480
2024-05,Nunavut,Job vacancies,Number,825
2024-06,Canada,Job vacancies,Number,585620
2024-06,Newfoundland and Labrador,Job vacancies,Number,7270
2024-06,Prince Edward Island,Job vacancies,Number,3805
2024-06,Nova Scotia,Job vacancies,Number,15680
2024-06,New Brunswick,Job vacancies,Number,11995
2024-06,Quebec,Job vacancies,Number,124310
2024-06,Ontario,Job vacancies,Number,199355
2024-06,Manitoba,Job vacancies,Number,24860
2024-06,Saskatchewan,Job vacancies,Number,19360
2024-06,Alberta,Job vacancies,Number,70585
2024-06,British Columbia,Job vacancies,Number,105430
2024-06,Yukon,Job vacancies,Number,1275
2024-06,Northwest Territories,Job vacancies,Number,775
2024-07,Canada,Job vacancies,Number,563955
2024-07,Newfoundland and Labrador,Job vacancies,Number,4560
2024-07,Prince Edward Island,Job vacancies,Number,1815
2024-07,Nova Scotia,Job vacancies,Number,12605
2024-07,New Brunswick,Job vacancies,Number,10335
2024-07,Quebec,Job vacancies,Number,132330
2024-07,Ontario,Job vacancies,Number,191795
2024-07,Manitoba,Job vacancies,Number,21340
2024-07,Saskatchewan,Job vacancies,Number,15815
2024-07,Alberta,Job vacancies,Number,63345
2024-07,British Columbia,Job vacancies,Number,106955
2024-07,Yukon,Job vacancies,Number,760
2024-07,Northwest Territories,Job vacancies,Number,1675
2024-07,Nunavut,Job vacancies,Number,625
2024-08,Canada,Job vacancies,Number,567725
2024-08,Newfoundland and Labrador,Job vacancies,Number,5920
2024-08,Prince Edward Island,Job vacancies,Number,1955
2024-08,Nova Scotia,Job vacancies,Number,15520
2024-08,New Brunswick,Job vacancies,Number,8690
2024-08,Quebec,Job vacancies,Number,124435
2024-08,Ontario,Job vacancies,Number,191980
2024-08,Manitoba,Job vacancies,Number,20360
2024-08,Saskatchewan,Job vacancies,Number,19985
2024-08,Alberta,Job vacancies,Number,82910
2024-08,British Columbia,Job vacancies,Number,93990
2024-08,Yukon,Job vacancies,Number,700
2024-08,Northwest Territories,Job vacancies,Number,770
2024-09,Canada,Job vacancies,Number,565870
2024-09,Newfoundland and Labrador,Job vacancies,Number,4310
2024-09,Prince Edward Island,Job vacancies,Number,3565
2024-09,Nova Scotia,Job vacancies,Number,14870
2024-09,New Brunswick,Job vacancies,Number,8880
2024-09,Quebec,Job vacancies,Number,120290
2024-09,Ontario,Job vacancies,Number,196180
2024-09,Manitoba,Job vacancies,Number,20820
2024-09,Saskatchewan,Job vacancies,Number,19105
2024-09,Alberta,Job vacancies,Number,76515
2024-09,British Columbia,Job vacancies,Number,98340
2024-09,Yukon,Job vacancies,Number,1165
2024-09,Northwest Territories,Job vacancies,Number,1250
2024-10,Canada,Job vacancies,Number,545315
2024-10,Newfoundland and Labrador,Job vacancies,Number,4875
2024-10,Prince Edward Island,Job vacancies,Number,1905
2024-10,Nova Scotia,Job vacancies,Number,13215
2024-10,New Brunswick,Job vacancies,Number,10720
2024-10,Quebec,Job vacancies,Number,136330
2024-10,Ontario,Job vacancies,Number,183025
2024-10,Manitoba,Job vacancies,Number,22430
2024-10,Saskatchewan,Job vacancies,Number,17300
2024-10,Alberta,Job vacancies,Number,64200
2024-10,British Columbia,Job vacancies,Number,88855
2024-10,Yukon,Job vacancies,Number,800
2024-10,Northwest Territories,Job vacancies,Number,1200
2024-11,Canada,Job vacancies,Number,506750
2024-11,Newfoundland and Labrador,Job vacancies,Number,4280
2024-11,Prince Edward Island,Job vacancies,Number,1885
2024-11,Nova Scotia,Job vacancies,Number,13725
2024-11,New Brunswick,Job vacancies,Number,8055
2024-11,Quebec,Job vacancies,Number,111840
2024-11,Ontario,Job vacancies,Number,181835
2024-11,Manitoba,Job vacancies,Number,16695
2024-11,Saskatchewan,Job vacancies,Number,14055
2024-11,Alberta,Job vacancies,Number,66085
2024-11,British Columbia,Job vacancies,Number,86340
2024-11,Yukon,Job vacancies,Number,450
2024-11,Northwest Territories,Job vacancies,Number,920
2024-11,Nunavut,Job vacancies,Number,590
2024-12,Canada,Job vacancies,Number,439590
2024-12,Newfoundland and Labrador,Job vacancies,Number,4195
2024-12,Prince Edward Island,Job vacancies,Number,2820
2024-12,Nova Scotia,Job vacancies,Number,12625
2024-12,New Brunswick,Job vacancies,Number,7595
2024-12,Quebec,Job vacancies,Number,103405
2024-12,Ontario,Job vacancies,Number,149065
2024-12,Manitoba,Job vacancies,Number,19125
2024-12,Saskatchewan,Job vacancies,Number,16170
2024-12,Alberta,Job vacancies,Number,55595
2024-12,British Columbia,Job vacancies,Number,66700
2024-12,Northwest Territories,Job vacancies,Number,820
